url	email	status	fields	cta	placement	formType	fieldsEntered	confirmation	troubleshoot	emailReceived	submittedAt	linkedinTitle	linkedinCategory	linkedinSource	confirmationState	confirmationEvidence	confirmationUrl	confirmationUrlChanged	confirmationFormVisible	evidencePath	inboxFrom	inboxSubject	inboxMatchType	inboxEsp
https://insfpsantcugat.cat	onb.rjs+insfpsantcugatcat@gmail.com	no_form			No form found				No email input found on page	N					no-form					/Users/rschanno/Claude/repo/onboarding-prototype/batches/lead-form-submission/2026-05-12_lead-form_2026-05-11-daily-evidence/evidence/insfpsantcugat-cat				
https://strikeforcestaffing.net	onb.rjs+strikeforcestaffingnet@gmail.com	no_form			No form found				No email input found on page	N		Our professional ...Read more	Other	google-puppeteer-other	no-form					/Users/rschanno/Claude/repo/onboarding-prototype/batches/lead-form-submission/2026-05-12_lead-form_2026-05-11-daily-evidence/evidence/strikeforcestaffing-net				
https://vornet.es	onb.rjs+vornetes@gmail.com	submitted	Nombre(obligatorio), Apellido(obligatorio), Correo electrónico(obligatorio), Mensaje(obligatorio), message-yui_14d7c492-739e-41ae-9668-3aa169ac4ccd-field	Enviar consultaEnviar consulta	Popup / Modal	Unknown		No confirmation detected after 6s			2026-05-12 21:13:31	Owner - Vornet	Solopreneur / Founder	linkedin-email-search	no-confirmation		https://www.vornet.es/	N	Y	/Users/rschanno/Claude/repo/onboarding-prototype/batches/lead-form-submission/2026-05-12_lead-form_2026-05-11-daily-evidence/evidence/vornet-es				
https://fizzyjuice.uk	onb.rjs+fizzyjuiceuk@gmail.com	no_form			No form found				No email input found on page	N		A chef and hospitality job platform	Other	google-puppeteer-other	no-form					/Users/rschanno/Claude/repo/onboarding-prototype/batches/lead-form-submission/2026-05-12_lead-form_2026-05-11-daily-evidence/evidence/fizzyjuice-uk				
https://collegeadmissionsjumpstart.com	onb.rjs+collegeadmissionsjumpstartcom@gmail.com	no_form			No form found				No email input found on page	N					no-form					/Users/rschanno/Claude/repo/onboarding-prototype/batches/lead-form-submission/2026-05-12_lead-form_2026-05-11-daily-evidence/evidence/collegeadmissionsjumpstart-com				
https://nobili.com	onb.rjs+nobilicom@gmail.com	submitted	jm.nome, jm.cognome, jm.email, jm.azienda, jm.privacy	Enter the Nobili world	Inline (page body)	Unknown	Email ("onb.rjs+nobilicom@gmail.com")	Redirect: https://www.nobili.com/cms/Form.action			2026-05-12 21:15:24	Senior Software Developer - Engitel S.p.A.	Developer / Engineer	linkedin-email-search	redirect	→ https://www.nobili.com/cms/Form.action (path doesn't look like a confirmation)	https://www.nobili.com/cms/Form.action	Y	N	/Users/rschanno/Claude/repo/onboarding-prototype/batches/lead-form-submission/2026-05-12_lead-form_2026-05-11-daily-evidence/evidence/nobili-com				
https://brauntrack.com	onb.rjs+brauntrackcom@gmail.com	submitted	Email *	Yes, I Want To Use The FREE Profit Simu	Inline (page body)	Unknown	Email ("onb.rjs+brauntrackcom@gmail.com")	No confirmation detected after 6s			2026-05-12 21:16:06	I help business owners DOUBLE their PROFIT, without spending additional dollars on marketing or advertising	Marketing Manager	linkedin-profile-fetch	no-confirmation		https://brauntrack.com/free-training	N	Y	/Users/rschanno/Claude/repo/onboarding-prototype/batches/lead-form-submission/2026-05-12_lead-form_2026-05-11-daily-evidence/evidence/brauntrack-com				
https://doggoapp.com	onb.rjs+doggoappcom@gmail.com	submitted	Ad Soyad, GönderenMüşteriWalkerKurumsal, Konu, E-mail, Telefon, İlAnkaraİstanbulİzmirAdanaAdıyamanAfyonkarahisarAğrıAksarayAmasyaAntalyaArdahanArtvinAydınBalıkesirBartınBatmanBayburtBilecikBingölBitlisBoluBurdurBursaÇanakkaleÇankırıÇorumDenizliDiyarbakırDüzceEdirneElazığErzincanErzurumEskişehirGaziantepGiresunGümüşhaneHakkariHatayIğdırIspartaKahramanmaraşKarabükKaramanKarsKastamonuKayseriKilisKırıkkaleKırklareliKırşehirKocaeliKonyaKütahyaMalatyaManisaMardinMersinMuğlaMuşNevşehirNiğdeOrduOsmaniyeRizeSakaryaSamsunŞanlıurfaSiirtSinopSivasŞırnakTekirdağTokatTrabzonTunceliUşakVanYalovaYozgatZonguldak, Mesaj	Gönderen	Inline (page body)	Unknown	Phone ("5166157427")	Inline error: Ad Soyad Gönderen Müşteri Walker Kurumsal Gönderen Please select an item in the list. ⏎ Konu Gezdirme Hizmeti Hakkında Evde Bakım Hizmeti Hakkında Öneri Memnuniyet Şikayet Konu Please select an…			2026-05-12 21:16:37	Human Resources Manager- DogGO	Other	linkedin-profile-fetch	inline-error	Ad Soyad Gönderen Müşteri Walker Kurumsal Gönderen Please select an item in the list. ⏎ Konu Gezdirme Hizmeti Hakkında Evde Bakım Hizmeti Hakkında Öneri Memnuniyet Şikayet Konu Please select an…	https://www.doggoapp.com/	N	Y	/Users/rschanno/Claude/repo/onboarding-prototype/batches/lead-form-submission/2026-05-12_lead-form_2026-05-11-daily-evidence/evidence/doggoapp-com				
https://centraltexas.homefieldonsite.com	onb.rjs+centraltexashomefieldonsitecom@gmail.com	no_form			No form found				No email input found on page	N		General Manager | Homefield Onsite | Full-Service Septic Solutions | Central Texas	Other	linkedin-profile-fetch	no-form					/Users/rschanno/Claude/repo/onboarding-prototype/batches/lead-form-submission/2026-05-12_lead-form_2026-05-11-daily-evidence/evidence/centraltexas-homefieldonsite-com				
https://tobeluxe.es	onb.rjs+tobeluxees@gmail.com	no_form			No form found				No email input found on page	N					no-form					/Users/rschanno/Claude/repo/onboarding-prototype/batches/lead-form-submission/2026-05-12_lead-form_2026-05-11-daily-evidence/evidence/tobeluxe-es				
https://strikepathbowling.com	onb.rjs+strikepathbowlingcom@gmail.com	submitted	Email, Password	Sign In	Inline (page body)	Login Form	Email ("onb.rjs+strikepathbowlingcom@gmail.com")	No confirmation detected after 6s			2026-05-12 21:19:04				no-confirmation		https://strikepathbowling.com/auth	N	Y	/Users/rschanno/Claude/repo/onboarding-prototype/batches/lead-form-submission/2026-05-12_lead-form_2026-05-11-daily-evidence/evidence/strikepathbowling-com				
https://ikm.no	onb.rjs+ikmno@gmail.com	no_form			No form found				No email input found on page	N		Bygger synlighet og styrker merkevaren IKM👋 Markeds- og Mediakoordinator i IKM Gruppen	Other	linkedin-profile-fetch	no-form					/Users/rschanno/Claude/repo/onboarding-prototype/batches/lead-form-submission/2026-05-12_lead-form_2026-05-11-daily-evidence/evidence/ikm-no				
https://insfpsantcugat.cat	onb.rjs+insfpsantcugatcat@gmail.com	no_form			No form found				No email input found on page	N					no-form					/Users/rschanno/Claude/repo/onboarding-prototype/batches/lead-form-submission/2026-05-12_lead-form_2026-05-11-daily-evidence/evidence/insfpsantcugat-cat				
https://edenharper.com	onb.rjs+edenharpercom@gmail.com	no_form			No form found				No email input found on page	N		Manager/Director	Executive (C-Suite / VP)	website	no-form					/Users/rschanno/Claude/repo/onboarding-prototype/batches/lead-form-submission/2026-05-12_lead-form_2026-05-11-daily-evidence/evidence/edenharper-com				
https://evergreenbuilds.com	onb.rjs+evergreenbuildscom@gmail.com	no_form			No form found				No email input found on page	N					no-form					/Users/rschanno/Claude/repo/onboarding-prototype/batches/lead-form-submission/2026-05-12_lead-form_2026-05-11-daily-evidence/evidence/evergreenbuilds-com				
https://dickmooreagency.com	onb.rjs+dickmooreagencycom@gmail.com	no_form			No form found				No email input found on page	N		Owner/Operator - Farmers Insurance & Financial Services	Solopreneur / Founder	linkedin-email-search	no-form					/Users/rschanno/Claude/repo/onboarding-prototype/batches/lead-form-submission/2026-05-12_lead-form_2026-05-11-daily-evidence/evidence/dickmooreagency-com				
https://nurturher.com	onb.rjs+nurturhercom@gmail.com	submitted	First name, Email address	Join the waitlist	Inline (page body)	Marketing Lead Capture	First Name ("Rianna"), Email ("onb.rjs+nurturhercom@gmail.com")	Redirect: chrome-error://chromewebdata/			2026-05-12 21:31:57				redirect	→ chrome-error://chromewebdata/ (path doesn't look like a confirmation)	chrome-error://chromewebdata/	Y	N	/Users/rschanno/Claude/repo/onboarding-prototype/batches/lead-form-submission/2026-05-12_lead-form_2026-05-11-daily-evidence/evidence/nurturher-com				
https://lineinc.net	onb.rjs+lineincnet@gmail.com	submitted	First Name(required), Last Name(required), Email(required), Subject(required), Message(required), message-yui_18ea3b9c-56b3-4ad3-80a8-10fadfa4450a-field	SendSend	Popup / Modal	Unknown	First Name ("Rianna"), Last Name ("Schanno"), Email ("onb.rjs+lineincnet@gmail.com")	Inline error: Form submission failed. ⏎ Review the following information: Subject and Message. ⏎ Name First Name (required) Last Name (required) Email (required) Subject (required) Subject is required. ⏎…			2026-05-12 21:32:26				inline-error	Form submission failed. ⏎ Review the following information: Subject and Message. ⏎ Name First Name (required) Last Name (required) Email (required) Subject (required) Subject is required. ⏎…	https://lineinc.net/	N	Y	/Users/rschanno/Claude/repo/onboarding-prototype/batches/lead-form-submission/2026-05-12_lead-form_2026-05-11-daily-evidence/evidence/lineinc-net				
https://uoc.edu	onb.rjs+uocedu@gmail.com	no_form			No form found				No email input found on page	N					no-form					/Users/rschanno/Claude/repo/onboarding-prototype/batches/lead-form-submission/2026-05-12_lead-form_2026-05-11-daily-evidence/evidence/uoc-edu				
https://thepactcardco.com	onb.rjs+thepactcardcocom@gmail.com	submitted	your@email.com, b_861cb75c36c4fd638a38182fe_b40f8ab7e2	Notify Me	Inline (page body)	Marketing Lead Capture	Email ("onb.rjs+thepactcardcocom@gmail.com")	No confirmation detected after 6s			2026-05-12 21:33:41				no-confirmation		https://thepactcardco.com/	N	N	/Users/rschanno/Claude/repo/onboarding-prototype/batches/lead-form-submission/2026-05-12_lead-form_2026-05-11-daily-evidence/evidence/thepactcardco-com				
https://raminthethicket.com	onb.rjs+raminthethicketcom@gmail.com	no_form			No form found				No email input found on page	N					no-form					/Users/rschanno/Claude/repo/onboarding-prototype/batches/lead-form-submission/2026-05-12_lead-form_2026-05-11-daily-evidence/evidence/raminthethicket-com				
https://designhubconsult.com	onb.rjs+designhubconsultcom@gmail.com	submitted	Your Name, Your Email, Subject, Your Message	Submit	Sidebar (embedded)	Unknown	Name ("Rianna S"), Email ("onb.rjs+designhubconsultcom@gmail.com")	Inline: Thank you for your message. It has been sent.			2026-05-12 21:35:04	Brand-consultant	Designer / Creative	google-puppeteer-other	inline	Thank you for your message. It has been sent.	https://designhubconsult.com/contact-us/	N	Y	/Users/rschanno/Claude/repo/onboarding-prototype/batches/lead-form-submission/2026-05-12_lead-form_2026-05-11-daily-evidence/evidence/designhubconsult-com				
https://lechevalieragency.com	onb.rjs+lechevalieragencycom@gmail.com	submitted	Nombre *, Móvil, Empresa, Email *	Envia y haz crecer tu negocio	Sidebar (embedded)	Unknown	Email ("onb.rjs+lechevalieragencycom@gmail.com")	No confirmation detected after 6s			2026-05-12 21:35:52				no-confirmation		https://lechevalieragency.com/	N	Y	/Users/rschanno/Claude/repo/onboarding-prototype/batches/lead-form-submission/2026-05-12_lead-form_2026-05-11-daily-evidence/evidence/lechevalieragency-com				
https://jonparkerlee.com	onb.rjs+jonparkerleecom@gmail.com	no_form			No form found				No email input found on page	N					no-form					/Users/rschanno/Claude/repo/onboarding-prototype/batches/lead-form-submission/2026-05-12_lead-form_2026-05-11-daily-evidence/evidence/jonparkerlee-com				
https://fataaviation.com	onb.rjs+fataaviationcom@gmail.com	no_form			No form found				No email input found on page	N		President - FATA AVIATION LLC	Executive (C-Suite / VP)	open-web-email-search	no-form					/Users/rschanno/Claude/repo/onboarding-prototype/batches/lead-form-submission/2026-05-12_lead-form_2026-05-11-daily-evidence/evidence/fataaviation-com				
https://critcreations.com	onb.rjs+critcreationscom@gmail.com	no_form			No form found				No email input found on page	N					no-form					/Users/rschanno/Claude/repo/onboarding-prototype/batches/lead-form-submission/2026-05-12_lead-form_2026-05-11-daily-evidence/evidence/critcreations-com				
https://bondlondonuk.com	onb.rjs+bondlondonukcom@gmail.com	no_form			No form found				No email input found on page	N		ployed a social media manager in house, not an agency.I genuinely can&#x27;t recommend these guys any higher!!	Other	website	no-form					/Users/rschanno/Claude/repo/onboarding-prototype/batches/lead-form-submission/2026-05-12_lead-form_2026-05-11-daily-evidence/evidence/bondlondonuk-com				
https://veego.app	onb.rjs+veegoapp@gmail.com	submitted	Enter your email address…, b_60144987f52c4b10f2847926e_2a1973e925	Notify Me 🌿	Inline (page body)	Marketing Lead Capture	Email ("onb.rjs+veegoapp@gmail.com")	Redirect: https://veego.app/thankyou			2026-05-12 21:42:03				redirect	→ https://veego.app/thankyou	https://veego.app/thankyou	Y	N	/Users/rschanno/Claude/repo/onboarding-prototype/batches/lead-form-submission/2026-05-12_lead-form_2026-05-11-daily-evidence/evidence/veego-app				
https://elitespeechcare.com	onb.rjs+elitespeechcarecom@gmail.com	no_form			No form found				No email input found on page	N		Speech Language Pathologist at Elite Speech Care	Other	linkedin-profile-fetch	no-form					/Users/rschanno/Claude/repo/onboarding-prototype/batches/lead-form-submission/2026-05-12_lead-form_2026-05-11-daily-evidence/evidence/elitespeechcare-com				
https://corekonect.com	onb.rjs+corekonectcom@gmail.com	no_form			No form found				No email input found on page	N					no-form					/Users/rschanno/Claude/repo/onboarding-prototype/batches/lead-form-submission/2026-05-12_lead-form_2026-05-11-daily-evidence/evidence/corekonect-com				
https://ewise.pro	onb.rjs+ewisepro@gmail.com	no_form			No form found				No email input found on page	N		LeapRate - Online Trading Industry News, Broker Intelligence	Other	google-puppeteer-other	no-form					/Users/rschanno/Claude/repo/onboarding-prototype/batches/lead-form-submission/2026-05-12_lead-form_2026-05-11-daily-evidence/evidence/ewise-pro				
https://showroom999.com	onb.rjs+showroom999com@gmail.com	no_form			No form found				No email input found on page	N		Sofia Marsili, the designer	Designer / Creative	google-puppeteer-other	no-form					/Users/rschanno/Claude/repo/onboarding-prototype/batches/lead-form-submission/2026-05-12_lead-form_2026-05-11-daily-evidence/evidence/showroom999-com				
https://inges-kattehjem.dk	onb.rjs+ingeskattehjemdk@gmail.com	submitted	Email*, Fornavn, Postnummer	Tilmeld	Footer (embedded)	Unknown	Email ("onb.rjs+ingeskattehjemdk@gmail.com")	Redirect: https://ingeskattehjem.peytzmail.com/f/subscribe/tilmedlingsformular/approve			2026-05-12 21:45:52				redirect	→ https://ingeskattehjem.peytzmail.com/f/subscribe/tilmedlingsformular/approve	https://ingeskattehjem.peytzmail.com/f/subscribe/tilmedlingsformular/approve	Y	N	/Users/rschanno/Claude/repo/onboarding-prototype/batches/lead-form-submission/2026-05-12_lead-form_2026-05-11-daily-evidence/evidence/inges-kattehjem-dk				
https://warkorvastgoed.nl	onb.rjs+warkorvastgoednl@gmail.com	no_form			No form found				No email input found on page	N					no-form					/Users/rschanno/Claude/repo/onboarding-prototype/batches/lead-form-submission/2026-05-12_lead-form_2026-05-11-daily-evidence/evidence/warkorvastgoed-nl				
https://sunbookssolutions.com	onb.rjs+sunbookssolutionscom@gmail.com	no_form			No form found				No email input found on page	N					no-form					/Users/rschanno/Claude/repo/onboarding-prototype/batches/lead-form-submission/2026-05-12_lead-form_2026-05-11-daily-evidence/evidence/sunbookssolutions-com				
https://cbcreators.com	onb.rjs+cbcreatorscom@gmail.com	submitted	Your Name (required), Your Email (required), Your Message	Send	Inline (page body)	Unknown	Name ("Rianna S"), Email ("onb.rjs+cbcreatorscom@gmail.com")	Inline error: Your Name (required) Your Email (required) Your Message Thank you for your message. ⏎ It has been sent.			2026-05-12 21:47:56				inline-error	Your Name (required) Your Email (required) Your Message Thank you for your message. ⏎ It has been sent.	https://cbcreators.com/contact-us/	N	Y	/Users/rschanno/Claude/repo/onboarding-prototype/batches/lead-form-submission/2026-05-12_lead-form_2026-05-11-daily-evidence/evidence/cbcreators-com				
https://theboldtypecollective.com	onb.rjs+theboldtypecollectivecom@gmail.com	submitted	First Name(required), Last Name(required), Email(required), Echo - foundational clarity & messaging support (for grounding and alignment), Channel - consistent storytelling & content systems (for visibility and momentum), Empire - strategic communications for growth & scale (for leadership and expansion), Not sure yet - help me decide, What’s your biggest messaging struggle right now?, Ideal start timeline?, What investment range feels realistic for you right now?, Tell me a little more(required), You’re not committing to anything yet — this is simply the first step toward clarity., message-yui_08d6c84c-68bd-4282-8ac5-d5b676f386de-field	Start the ConversationStart the Conversation	Popup / Modal	Unknown	First Name ("Rianna"), Last Name ("Schanno"), Email ("onb.rjs+theboldtypecollectivecom@gmail.com"), Phone ("5166157427"), Phone ("5166157427"), First Name ("Rianna")	Inline error: Form submission failed. ⏎ Review the following information: Tell me a little more. ⏎ Tell me a little more (required) Tell me a little more is required. ⏎ You’re not committing to anything yet —…			2026-05-12 21:48:30	Orlando, Fl	Other	website	inline-error	Form submission failed. ⏎ Review the following information: Tell me a little more. ⏎ Tell me a little more (required) Tell me a little more is required. ⏎ You’re not committing to anything yet —…	https://www.theboldtypecollective.com/apply	N	Y	/Users/rschanno/Claude/repo/onboarding-prototype/batches/lead-form-submission/2026-05-12_lead-form_2026-05-11-daily-evidence/evidence/theboldtypecollective-com				
https://kittlesonlandscape.com	onb.rjs+kittlesonlandscapecom@gmail.com	submitted	Name(Required), Email(Required), Phone, Message(Required)	Submit	Inline (page body)	Unknown	Name ("Rianna S"), Email ("onb.rjs+kittlesonlandscapecom@gmail.com"), Phone ("5166157427")	Inline error: Name (Required) Email (Required) Phone Message (Required) This field is required.			2026-05-12 21:49:03				inline-error	Name (Required) Email (Required) Phone Message (Required) This field is required.	https://www.kittlesonlandscape.com/contact-us/	N	Y	/Users/rschanno/Claude/repo/onboarding-prototype/batches/lead-form-submission/2026-05-12_lead-form_2026-05-11-daily-evidence/evidence/kittlesonlandscape-com				
https://downeastcider.com	onb.rjs+downeastcidercom@gmail.com	submitted	Email address	Submit	Inline (page body)	Unknown	Email ("onb.rjs+downeastcidercom@gmail.com")	No confirmation detected after 6s			2026-05-12 21:49:45	Direct - to - Consumer Operations Manager	IT / Administrator	linkedin-email-search	no-confirmation		https://downeastcider.com/	N	Y	/Users/rschanno/Claude/repo/onboarding-prototype/batches/lead-form-submission/2026-05-12_lead-form_2026-05-11-daily-evidence/evidence/downeastcider-com				
https://cronicasdelmiedo.com	onb.rjs+cronicasdelmiedocom@gmail.com	submitted	Tu correo, peregrino…	Suscribirme	Inline (page body)	Unknown		No confirmation detected after 6s			2026-05-12 21:50:19	Mmxxvi	Other	website	no-confirmation		https://cronicasdelmiedo.com/	N	N	/Users/rschanno/Claude/repo/onboarding-prototype/batches/lead-form-submission/2026-05-12_lead-form_2026-05-11-daily-evidence/evidence/cronicasdelmiedo-com				
https://infokiln.com	onb.rjs+infokilncom@gmail.com	no_form			No form found				No email input found on page	N					no-form					/Users/rschanno/Claude/repo/onboarding-prototype/batches/lead-form-submission/2026-05-12_lead-form_2026-05-11-daily-evidence/evidence/infokiln-com				
https://purechristministries.com	onb.rjs+purechristministriescom@gmail.com	no_form			No form found				No email input found on page	N		R. Beavers, Executive Director	Executive (C-Suite / VP)	website	no-form					/Users/rschanno/Claude/repo/onboarding-prototype/batches/lead-form-submission/2026-05-12_lead-form_2026-05-11-daily-evidence/evidence/purechristministries-com				
https://tarakentrop.nl	onb.rjs+tarakentropnl@gmail.com	no_form			No form found				No email input found on page	N					no-form					/Users/rschanno/Claude/repo/onboarding-prototype/batches/lead-form-submission/2026-05-12_lead-form_2026-05-11-daily-evidence/evidence/tarakentrop-nl				
https://insfpsantcugat.cat	onb.rjs+insfpsantcugatcat@gmail.com	no_form			No form found				No email input found on page	N					no-form					/Users/rschanno/Claude/repo/onboarding-prototype/batches/lead-form-submission/2026-05-12_lead-form_2026-05-11-daily-evidence/evidence/insfpsantcugat-cat				
https://smta.co.uk	onb.rjs+smtacouk@gmail.com	no_form			No form found				No email input found on page	N					no-form					/Users/rschanno/Claude/repo/onboarding-prototype/batches/lead-form-submission/2026-05-12_lead-form_2026-05-11-daily-evidence/evidence/smta-co-uk				
https://aumilandassociates.com	onb.rjs+aumilandassociatescom@gmail.com	no_form			No form found				No email input found on page	N					no-form					/Users/rschanno/Claude/repo/onboarding-prototype/batches/lead-form-submission/2026-05-12_lead-form_2026-05-11-daily-evidence/evidence/aumilandassociates-com				
https://portsmouthchiropractic.co.uk	onb.rjs+portsmouthchiropracticcouk@gmail.com	no_form			No form found				No email input found on page	N		Principle Chiropractor, Company Director and Owner -	Solopreneur / Founder	linkedin-email-search	no-form					/Users/rschanno/Claude/repo/onboarding-prototype/batches/lead-form-submission/2026-05-12_lead-form_2026-05-11-daily-evidence/evidence/portsmouthchiropractic-co-uk				
https://translogmarketing.de	onb.rjs+translogmarketingde@gmail.com	no_form			No form found				No email input found on page	N					no-form					/Users/rschanno/Claude/repo/onboarding-prototype/batches/lead-form-submission/2026-05-12_lead-form_2026-05-11-daily-evidence/evidence/translogmarketing-de				
https://normecgroup.com	onb.rjs+normecgroupcom@gmail.com	submitted	first-name, last-name, company-name, country, e-mail-address, phone-number, message	Submit	Inline (page body)	Unknown	First Name ("Rianna"), Last Name ("Schanno"), Name ("Rianna S"), Phone ("5166157427")	Inline error: First Name* Last Name* Company name* Country* This field is required E-mail Address* Phone Number* Subject* This field is required Message* This field is required Accept Terms & Conditions* Submit…			2026-05-12 21:56:56				inline-error	First Name* Last Name* Company name* Country* This field is required E-mail Address* Phone Number* Subject* This field is required Message* This field is required Accept Terms & Conditions* Submit…	https://normecgroup.com/contact/	N	Y	/Users/rschanno/Claude/repo/onboarding-prototype/batches/lead-form-submission/2026-05-12_lead-form_2026-05-11-daily-evidence/evidence/normecgroup-com				
https://lazneslatinice.cz	onb.rjs+lazneslatinicecz@gmail.com	submitted	Email*, Jméno, Příjmení		Inline (page body)	Unknown	Email ("onb.rjs+lazneslatinicecz@gmail.com")	No confirmation detected after 6s			2026-05-12 21:57:35				no-confirmation		https://www.lazneslatinice.cz/	N	Y	/Users/rschanno/Claude/repo/onboarding-prototype/batches/lead-form-submission/2026-05-12_lead-form_2026-05-11-daily-evidence/evidence/lazneslatinice-cz				
https://cattleco.com.au	onb.rjs+cattlecocomau@gmail.com	no_form			No form found				No email input found on page	N					no-form					/Users/rschanno/Claude/repo/onboarding-prototype/batches/lead-form-submission/2026-05-12_lead-form_2026-05-11-daily-evidence/evidence/cattleco-com-au				
https://loreal.com	onb.rjs+lorealcom@gmail.com	no_form			No form found				No email input found on page	N					no-form					/Users/rschanno/Claude/repo/onboarding-prototype/batches/lead-form-submission/2026-05-12_lead-form_2026-05-11-daily-evidence/evidence/loreal-com				
https://daisywomenscenter.com	onb.rjs+daisywomenscentercom@gmail.com	no_form			No form found				No email input found on page	N					no-form					/Users/rschanno/Claude/repo/onboarding-prototype/batches/lead-form-submission/2026-05-12_lead-form_2026-05-11-daily-evidence/evidence/daisywomenscenter-com				
https://meet-cambridge.com	onb.rjs+meetcambridgecom@gmail.com	no_form			No form found				No email input found on page	N		Head of Meet Cambridge	Other	website	no-form					/Users/rschanno/Claude/repo/onboarding-prototype/batches/lead-form-submission/2026-05-12_lead-form_2026-05-11-daily-evidence/evidence/meet-cambridge-com				
https://divcom.ch	onb.rjs+divcomch@gmail.com	submitted	Nom, Adresse e-mail, École concernée, Message	Envoi	Footer (embedded)	Unknown		No confirmation detected after 6s			2026-05-12 22:02:41				no-confirmation		https://divcom.ch/	N	Y	/Users/rschanno/Claude/repo/onboarding-prototype/batches/lead-form-submission/2026-05-12_lead-form_2026-05-11-daily-evidence/evidence/divcom-ch				
https://pontehotel.it	onb.rjs+pontehotelit@gmail.com	submitted	Nome, Cognome, Email(Obbligatorio), Telefono, Data di arrivo, Data di partenza, Numero adulti, Numero bambini, Animale, tipo di camera, Orario d'arrivo, Trattamento, Hotel Ponte Card, il tuo messaggio, Sottoscrivo la Privacy Policy.	Invia	Footer (embedded)	Unknown	Email ("onb.rjs+pontehotelit@gmail.com"), Phone ("5166157427"), Phone ("5166157427")	Inline (form removed): info@pontehotel.it +39 0884 700958 prenota Italian▼ Home Camere Servizi Offerte e Tariffe Dove siamo Contatti ⏎ info@pontehotel.it +39 0884 700958 prenota Italian▼ Home Camere Servizi Offerte e…			2026-05-12 22:03:21				inline	info@pontehotel.it +39 0884 700958 prenota Italian▼ Home Camere Servizi Offerte e Tariffe Dove siamo Contatti ⏎ info@pontehotel.it +39 0884 700958 prenota Italian▼ Home Camere Servizi Offerte e…	https://www.pontehotel.it/	N	N	/Users/rschanno/Claude/repo/onboarding-prototype/batches/lead-form-submission/2026-05-12_lead-form_2026-05-11-daily-evidence/evidence/pontehotel-it				
https://marceltours.com	onb.rjs+marceltourscom@gmail.com	submitted	Name, Email, Phone, Address, -	Submit	Inline (page body)	Unknown	Name ("Rianna S"), Email ("onb.rjs+marceltourscom@gmail.com"), Phone ("5166157427")	Inline: - Submit Thanks for submitting!			2026-05-12 22:04:40				inline	- Submit Thanks for submitting!	https://www.marceltours.com/	N	Y	/Users/rschanno/Claude/repo/onboarding-prototype/batches/lead-form-submission/2026-05-12_lead-form_2026-05-11-daily-evidence/evidence/marceltours-com				
https://mcqueensflowers.com	onb.rjs+mcqueensflowerscom@gmail.com	submitted	E-mail	Subscribe	Footer (embedded)	Marketing Lead Capture		Redirect: https://www.mcqueensflowers.com/?customer_posted=true#newsletter-form-section…			2026-05-12 22:05:11	Florist, owner - Forget Me Not Flowers , Roseville	Solopreneur / Founder	linkedin-email-search	redirect	→ https://www.mcqueensflowers.com/?customer_posted=true#newsletter-form-sections--28072723251583__footer (path doesn't look like a confirmation)	https://www.mcqueensflowers.com/?customer_posted=true#newsletter-form-sections--28072723251583__footer	Y	N	/Users/rschanno/Claude/repo/onboarding-prototype/batches/lead-form-submission/2026-05-12_lead-form_2026-05-11-daily-evidence/evidence/mcqueensflowers-com				
https://contractgroup.co.za	onb.rjs+contractgroupcoza@gmail.com	submitted	Name, Surname, Phone number, Email address, Company, Write message, Please check this box to confirm you have read our terms of use., Please check this box to confirm you agree to receiving correspondence and marketing material from Contract Hardware via email or telephone.	SEND	Inline (page body)	Unknown	Name ("Rianna S"), Phone ("5166157427"), Email ("onb.rjs+contractgroupcoza@gmail.com"), Email ("onb.rjs+contractgroupcoza@gmail.com")	No confirmation detected after 6s			2026-05-12 22:05:58	Product Marketing Manager - Harris design dmcc - Lockron	Marketing Manager	linkedin-name-company-search	no-confirmation		https://www.contracthardware.co.za/contact.php#quoteForm	N	N	/Users/rschanno/Claude/repo/onboarding-prototype/batches/lead-form-submission/2026-05-12_lead-form_2026-05-11-daily-evidence/evidence/contractgroup-co-za				
https://aukey.au	onb.rjs+aukeyau@gmail.com	submitted	Email	SIGN UP & UNLOCK	Popup / Modal	Marketing Lead Capture	Email ("onb.rjs+aukeyau@gmail.com")	Inline (form removed): AUKEY AUSTRALIA ⏎ AUKEY AUSTRALIA ⏎ AUKEY AUSTRALIA ⏎ AUKEY AUSTRALIA ⏎ AUKEY AUSTRALIA ⏎ Shop New Arrivals Support About Us Shipping Manufacturer Warranty Warranty Policy Contact Us About AUKEY…			2026-05-12 22:06:33	Unarmed Security Officer at Blueline Security Services	Other	linkedin-email-search	inline	AUKEY AUSTRALIA ⏎ AUKEY AUSTRALIA ⏎ AUKEY AUSTRALIA ⏎ AUKEY AUSTRALIA ⏎ AUKEY AUSTRALIA ⏎ Shop New Arrivals Support About Us Shipping Manufacturer Warranty Warranty Policy Contact Us About AUKEY…	https://aukey.au/	N	N	/Users/rschanno/Claude/repo/onboarding-prototype/batches/lead-form-submission/2026-05-12_lead-form_2026-05-11-daily-evidence/evidence/aukey-au				
https://qatarsteel.ae	onb.rjs+qatarsteelae@gmail.com	no_form			No form found				No email input found on page	N					no-form					/Users/rschanno/Claude/repo/onboarding-prototype/batches/lead-form-submission/2026-05-12_lead-form_2026-05-11-daily-evidence/evidence/qatarsteel-ae				
https://pomsassoc.com	onb.rjs+pomsassoccom@gmail.com	submitted	Name *, Company *, Email *, Phone	Send Request	Popup / Modal	Unknown	Name ("Rianna S"), Email ("onb.rjs+pomsassoccom@gmail.com"), Phone ("5166157427")	No confirmation detected after 6s			2026-05-12 22:08:03				no-confirmation		https://www.pomsassoc.com/	N	Y	/Users/rschanno/Claude/repo/onboarding-prototype/batches/lead-form-submission/2026-05-12_lead-form_2026-05-11-daily-evidence/evidence/pomsassoc-com				
https://westsideschool.org.uk	onb.rjs+westsideschoolorguk@gmail.com	no_form			No form found				No email input found on page	N					no-form					/Users/rschanno/Claude/repo/onboarding-prototype/batches/lead-form-submission/2026-05-12_lead-form_2026-05-11-daily-evidence/evidence/westsideschool-org-uk				
https://azuresolutionsllc.com	onb.rjs+azuresolutionsllccom@gmail.com	no_form			No form found				No email input found on page	N					no-form					/Users/rschanno/Claude/repo/onboarding-prototype/batches/lead-form-submission/2026-05-12_lead-form_2026-05-11-daily-evidence/evidence/azuresolutionsllc-com				
https://ciaovista.com	onb.rjs+ciaovistacom@gmail.com	submitted	Name:, Email:, Phone:, Message:	Send Now	Inline (page body)	Unknown	Name ("Rianna S"), Email ("onb.rjs+ciaovistacom@gmail.com"), Phone ("5166157427")	Inline (form removed): Forbidden			2026-05-12 22:09:59	Reservations	Other	website	inline	Forbidden	https://www.ciaovista.com/contact	N	N	/Users/rschanno/Claude/repo/onboarding-prototype/batches/lead-form-submission/2026-05-12_lead-form_2026-05-11-daily-evidence/evidence/ciaovista-com				
https://flex-sol.com	onb.rjs+flexsolcom@gmail.com	no_form			No form found				No email input found on page	N					no-form					/Users/rschanno/Claude/repo/onboarding-prototype/batches/lead-form-submission/2026-05-12_lead-form_2026-05-11-daily-evidence/evidence/flex-sol-com				
https://petersoncars.com	onb.rjs+petersoncarscom@gmail.com	no_form			No form found				No email input found on page	N		Car Salesperson at Kurt Johnson Auto Sales	Sales	linkedin-email-search	no-form					/Users/rschanno/Claude/repo/onboarding-prototype/batches/lead-form-submission/2026-05-12_lead-form_2026-05-11-daily-evidence/evidence/petersoncars-com				
https://unitedfcu.com	onb.rjs+unitedfcucom@gmail.com	no_form			No form found				No email input found on page	N		President - Service First Federal Credit Union	Executive (C-Suite / VP)	linkedin-email-search	no-form					/Users/rschanno/Claude/repo/onboarding-prototype/batches/lead-form-submission/2026-05-12_lead-form_2026-05-11-daily-evidence/evidence/unitedfcu-com				
https://circuitdefaleyras.com	onb.rjs+circuitdefaleyrascom@gmail.com	no_form			No form found				No email input found on page	N					no-form					/Users/rschanno/Claude/repo/onboarding-prototype/batches/lead-form-submission/2026-05-12_lead-form_2026-05-11-daily-evidence/evidence/circuitdefaleyras-com				
https://alignaestheticlounge.com	onb.rjs+alignaestheticloungecom@gmail.com	submitted	Email Address	Subscribe	Popup / Modal	Marketing Lead Capture	Email ("onb.rjs+alignaestheticloungecom@gmail.com")	Inline: We respect your privacy. ⏎ Thank you!			2026-05-12 22:13:07	Aesthetic Nurse Practitioner	Other	website	inline	We respect your privacy. ⏎ Thank you!	https://www.alignaestheticlounge.com/	N	Y	/Users/rschanno/Claude/repo/onboarding-prototype/batches/lead-form-submission/2026-05-12_lead-form_2026-05-11-daily-evidence/evidence/alignaestheticlounge-com				
https://mandrytechnology.com	onb.rjs+mandrytechnologycom@gmail.com	no_form			No form found				No email input found on page	N					no-form					/Users/rschanno/Claude/repo/onboarding-prototype/batches/lead-form-submission/2026-05-12_lead-form_2026-05-11-daily-evidence/evidence/mandrytechnology-com				
https://deltatax.org	onb.rjs+deltataxorg@gmail.com	no_form			No form found				No email input found on page	N					no-form					/Users/rschanno/Claude/repo/onboarding-prototype/batches/lead-form-submission/2026-05-12_lead-form_2026-05-11-daily-evidence/evidence/deltatax-org				
https://rccrealestategroup.com	onb.rjs+rccrealestategroupcom@gmail.com	submitted	PROPERTY ADDRESS	continue	Inline (page body)	Unknown		No confirmation detected after 6s			2026-05-12 22:15:03	Real Estate Sales Representative Real Estate Investment Coach	Sales	website	no-confirmation		https://rccrealestategroup.com/	N	Y	/Users/rschanno/Claude/repo/onboarding-prototype/batches/lead-form-submission/2026-05-12_lead-form_2026-05-11-daily-evidence/evidence/rccrealestategroup-com				
https://katmaicorp.com	onb.rjs+katmaicorpcom@gmail.com	no_form			No form found				No email input found on page	N					no-form					/Users/rschanno/Claude/repo/onboarding-prototype/batches/lead-form-submission/2026-05-12_lead-form_2026-05-11-daily-evidence/evidence/katmaicorp-com				
https://madda.org.au	onb.rjs+maddaorgau@gmail.com	submitted	Name*, Email*	Sign Up	Inline (page body)	Marketing Lead Capture	Name ("Rianna S"), Email ("onb.rjs+maddaorgau@gmail.com")	No confirmation detected after 6s			2026-05-12 22:16:15				no-confirmation		https://madda.org.au/	N	Y	/Users/rschanno/Claude/repo/onboarding-prototype/batches/lead-form-submission/2026-05-12_lead-form_2026-05-11-daily-evidence/evidence/madda-org-au				
https://proitnw.com	onb.rjs+proitnwcom@gmail.com	no_form			No form found				No email input found on page	N					no-form					/Users/rschanno/Claude/repo/onboarding-prototype/batches/lead-form-submission/2026-05-12_lead-form_2026-05-11-daily-evidence/evidence/proitnw-com				
https://student.rmit.edu.au	onb.rjs+studentrmiteduau@gmail.com	no_form			No form found				No email input found on page	N					no-form					/Users/rschanno/Claude/repo/onboarding-prototype/batches/lead-form-submission/2026-05-12_lead-form_2026-05-11-daily-evidence/evidence/student-rmit-edu-au				
https://yourenextinvestmentproperty.com	onb.rjs+yourenextinvestmentpropertycom@gmail.com	no_form			No form found				No email input found on page	N					no-form					/Users/rschanno/Claude/repo/onboarding-prototype/batches/lead-form-submission/2026-05-12_lead-form_2026-05-11-daily-evidence/evidence/yourenextinvestmentproperty-com				
https://mdeagriparts.co.uk	onb.rjs+mdeagripartscouk@gmail.com	submitted	First Name *, Last Name *, email, Subject *, Message *	Send	Popup / Modal	Unknown	First Name ("Rianna"), Last Name ("Schanno"), Email ("onb.rjs+mdeagripartscouk@gmail.com")	Redirect: https://www.mdeagriparts.co.uk/contact-us/?tractor-manufacturers=case-interna…			2026-05-12 22:19:34				redirect	→ https://www.mdeagriparts.co.uk/contact-us/?tractor-manufacturers=case-international (path doesn't look like a confirmation)	https://www.mdeagriparts.co.uk/contact-us/?tractor-manufacturers=case-international	Y	N	/Users/rschanno/Claude/repo/onboarding-prototype/batches/lead-form-submission/2026-05-12_lead-form_2026-05-11-daily-evidence/evidence/mdeagriparts-co-uk				
https://insfpsantcugat.cat	onb.rjs+insfpsantcugatcat@gmail.com	no_form			No form found				No email input found on page	N					no-form					/Users/rschanno/Claude/repo/onboarding-prototype/batches/lead-form-submission/2026-05-12_lead-form_2026-05-11-daily-evidence/evidence/insfpsantcugat-cat				
https://aberrant.coffee	onb.rjs+aberrantcoffee@gmail.com	no_form			No form found				No email input found on page	N		Owner - Caribbean Coffee Co (Pty) Ltd	Solopreneur / Founder	linkedin-email-search	no-form					/Users/rschanno/Claude/repo/onboarding-prototype/batches/lead-form-submission/2026-05-12_lead-form_2026-05-11-daily-evidence/evidence/aberrant-coffee				
https://zomerzinfestival.nl	onb.rjs+zomerzinfestivalnl@gmail.com	no_form			No form found				No email input found on page	N					no-form					/Users/rschanno/Claude/repo/onboarding-prototype/batches/lead-form-submission/2026-05-12_lead-form_2026-05-11-daily-evidence/evidence/zomerzinfestival-nl				
https://o8.basketrise.com	onb.rjs+o8basketrisecom@gmail.com	no_form			No form found				No email input found on page	N					no-form					/Users/rschanno/Claude/repo/onboarding-prototype/batches/lead-form-submission/2026-05-12_lead-form_2026-05-11-daily-evidence/evidence/o8-basketrise-com				
https://bigboxx.com	onb.rjs+bigboxxcom@gmail.com	submitted	Input Email	Subscribe	Footer (embedded)	Marketing Lead Capture	Email ("onb.rjs+bigboxxcom@gmail.com")	No confirmation detected after 6s			2026-05-12 22:25:24				no-confirmation		https://www.bigboxx.com/main/en	N	Y	/Users/rschanno/Claude/repo/onboarding-prototype/batches/lead-form-submission/2026-05-12_lead-form_2026-05-11-daily-evidence/evidence/bigboxx-com				
https://nonplus.co	onb.rjs+nonplusco@gmail.com	no_form			No form found				No email input found on page	N					no-form					/Users/rschanno/Claude/repo/onboarding-prototype/batches/lead-form-submission/2026-05-12_lead-form_2026-05-11-daily-evidence/evidence/nonplus-co				
https://classical5element.com	onb.rjs+classical5elementcom@gmail.com	no_form			No form found				No email input found on page	N					no-form					/Users/rschanno/Claude/repo/onboarding-prototype/batches/lead-form-submission/2026-05-12_lead-form_2026-05-11-daily-evidence/evidence/classical5element-com				
https://ahescomfort.com	onb.rjs+ahescomfortcom@gmail.com	no_form			No form found				No email input found on page	N					no-form					/Users/rschanno/Claude/repo/onboarding-prototype/batches/lead-form-submission/2026-05-12_lead-form_2026-05-11-daily-evidence/evidence/ahescomfort-com				
https://investouae.com	onb.rjs+investouaecom@gmail.com	submitted	First Name*, Last Name*, Email Address*, Phone Number, Textarea	Submit	Inline (page body)	Unknown	First Name ("Rianna"), Last Name ("Schanno"), Email ("onb.rjs+investouaecom@gmail.com"), Phone ("5166157427")	No confirmation detected after 6s			2026-05-12 22:30:28				no-confirmation		https://investouae.com/contact-us	N	Y	/Users/rschanno/Claude/repo/onboarding-prototype/batches/lead-form-submission/2026-05-12_lead-form_2026-05-11-daily-evidence/evidence/investouae-com				
https://stud.ase.ro	onb.rjs+studasero@gmail.com	no_form			No form found				No email input found on page	N					no-form					/Users/rschanno/Claude/repo/onboarding-prototype/batches/lead-form-submission/2026-05-12_lead-form_2026-05-11-daily-evidence/evidence/stud-ase-ro				
https://eventsblokzijl.nl	onb.rjs+eventsblokzijlnl@gmail.com	submitted	email	verzenden	Footer (embedded)	Marketing Lead Capture	Email ("onb.rjs+eventsblokzijlnl@gmail.com")	Inline: U heeft zich succesvol aangemeld voor onze nieuwsbrief! ⏎ Bedankt!			2026-05-12 22:31:42				inline	U heeft zich succesvol aangemeld voor onze nieuwsbrief! ⏎ Bedankt!	https://www.eventsblokzijl.nl/	N	Y	/Users/rschanno/Claude/repo/onboarding-prototype/batches/lead-form-submission/2026-05-12_lead-form_2026-05-11-daily-evidence/evidence/eventsblokzijl-nl				
https://graycpa.com	onb.rjs+graycpacom@gmail.com	submitted	NAME, EMAIL, PHONE, ADDRESS, COMPANY	SUBMIT	Inline (page body)	Unknown	Name ("Rianna S"), Email ("onb.rjs+graycpacom@gmail.com"), Phone ("5166157427")	No confirmation detected after 6s			2026-05-12 22:33:30	NOW CFO	Executive (C-Suite / VP)	linkedin-email-search	no-confirmation		https://www.graycpa.com/	N	Y	/Users/rschanno/Claude/repo/onboarding-prototype/batches/lead-form-submission/2026-05-12_lead-form_2026-05-11-daily-evidence/evidence/graycpa-com				
https://coastal.se	onb.rjs+coastalse@gmail.com	no_form			No form found				No email input found on page	N		CEO, Coastal International Security, Inc.	Executive (C-Suite / VP)	linkedin-email-search	no-form					/Users/rschanno/Claude/repo/onboarding-prototype/batches/lead-form-submission/2026-05-12_lead-form_2026-05-11-daily-evidence/evidence/coastal-se				
https://seastrewn.co.uk	onb.rjs+seastrewncouk@gmail.com	no_form			No form found				No email input found on page	N					no-form					/Users/rschanno/Claude/repo/onboarding-prototype/batches/lead-form-submission/2026-05-12_lead-form_2026-05-11-daily-evidence/evidence/seastrewn-co-uk				
https://protectcoinsuranceagency.com	onb.rjs+protectcoinsuranceagencycom@gmail.com	no_form			No form found				No email input found on page	N					no-form					/Users/rschanno/Claude/repo/onboarding-prototype/batches/lead-form-submission/2026-05-12_lead-form_2026-05-11-daily-evidence/evidence/protectcoinsuranceagency-com				
https://canopyworx.com	onb.rjs+canopyworxcom@gmail.com	submitted	First name, Last name, Email, Phone, Details on Where to Throw Some Shade (the Good Kind)		Inline (page body)	Unknown	First Name ("Rianna"), Last Name ("Schanno"), Email ("onb.rjs+canopyworxcom@gmail.com"), Phone ("5166157427")	No confirmation detected after 6s			2026-05-12 22:36:40				no-confirmation		https://www.canopyworx.com/	N	Y	/Users/rschanno/Claude/repo/onboarding-prototype/batches/lead-form-submission/2026-05-12_lead-form_2026-05-11-daily-evidence/evidence/canopyworx-com				
https://heyorca.com	onb.rjs+heyorcacom@gmail.com	no_form			No form found				No email input found on page	N		Software Developer	Developer / Engineer	website	no-form					/Users/rschanno/Claude/repo/onboarding-prototype/batches/lead-form-submission/2026-05-12_lead-form_2026-05-11-daily-evidence/evidence/heyorca-com				
https://solaspetadoption.org	onb.rjs+solaspetadoptionorg@gmail.com	no_form			No form found				No email input found on page	N					no-form					/Users/rschanno/Claude/repo/onboarding-prototype/batches/lead-form-submission/2026-05-12_lead-form_2026-05-11-daily-evidence/evidence/solaspetadoption-org				
https://thegiblerteam.com	onb.rjs+thegiblerteamcom@gmail.com	submitted	Full Name *, Phone Number *, Email Address *, Text, Email, Phone Call (please type one), Please enter the Listing Address(es) you would like..., Alternative:	Get Listing Info	Inline (page body)	Unknown	Name ("Rianna S"), Phone ("5166157427"), Email ("onb.rjs+thegiblerteamcom@gmail.com"), Email ("onb.rjs+thegiblerteamcom@gmail.com")	Inline: Your message was sent successfully. ⏎ Thanks.			2026-05-12 22:39:21				inline	Your message was sent successfully. ⏎ Thanks.	https://www.thegiblerteam.com/listings/coming-soon/	N	Y	/Users/rschanno/Claude/repo/onboarding-prototype/batches/lead-form-submission/2026-05-12_lead-form_2026-05-11-daily-evidence/evidence/thegiblerteam-com				
https://3mmzone.com	onb.rjs+3mmzonecom@gmail.com	submitted	E-Mail	Search	Footer (embedded)	Marketing Lead Capture		No confirmation detected after 6s			2026-05-12 22:40:56				no-confirmation		https://3mmzone.com/subscribe-to-newsletter/	N	Y	/Users/rschanno/Claude/repo/onboarding-prototype/batches/lead-form-submission/2026-05-12_lead-form_2026-05-11-daily-evidence/evidence/3mmzone-com				
https://ikumon.com	onb.rjs+ikumoncom@gmail.com	no_form			No form found				No email input found on page	N					no-form					/Users/rschanno/Claude/repo/onboarding-prototype/batches/lead-form-submission/2026-05-12_lead-form_2026-05-11-daily-evidence/evidence/ikumon-com				
